{"users": ["bogarth@gmail.com", "bogarthpena@gmail.com", "bonesi@gmail.com"], "scores": [{"email": "bonesi@gmail.com", "score": 200, "level": 1, "date": 106180}, {"email": "bogarth@gmail.com", "score": 200, "level": 1, "date": 28720}, {"email": "bogarth@gmail.com", "score": 100, "level": 1, "date": 25289}, {"email": "bonesi@gmail.com", "score": 100, "level": 1, "date": 77476}, {"email": "bonesi@gmail.com", "score": 100, "level": 1, "date": 95144}, {"email": "bogarthpena@gmail.com", "score": 0, "level": 1, "date": 39288}, {"email": "bonesi@gmail.com", "score": 0, "level": 1, "date": 53750}, {"email": "bonesi@gmail.com", "score": 0, "level": 1, "date": 66395}, {"email": "bonesi@gmail.com", "score": 0, "level": 1, "date": 87730}]}