{"users": ["bernardo@gmail.com", "bernardo@gmail", "bernardo2@gmail.com", "beranrdo@gmail.com", "joel2024@gmail.com", "bogarthpena@gmail.com"], "scores": [{"email": "bernardo@gmail.com", "score": 500, "level": 2, "date": 56890}, {"email": "bernardo@gmail.com", "score": 500, "level": 2, "date": 92952}, {"email": "bernardo@gmail.com", "score": 500, "level": 2, "date": 49094}, {"email": "bogarthpena@gmail.com", "score": 500, "level": 2, "date": 66922}, {"email": "bogarthpena@gmail.com", "score": 500, "level": 2, "date": 98312}, {"email": "joel2024@gmail.com", "score": 400, "level": 1, "date": 283812}, {"email": "bernardo@gmail.com", "score": 300, "level": 1, "date": 55525}, {"email": "bogarthpena@gmail.com", "score": 300, "level": 1, "date": 139639}, {"email": "joel2024@gmail.com", "score": 200, "level": 1, "date": 508357}, {"email": "bogarthpena@gmail.com", "score": 200, "level": 1, "date": 115773}, {"email": "bogarthpena@gmail.com", "score": 200, "level": 1, "date": 126211}, {"email": "bernardo@gmail.com", "score": 100, "level": 1, "date": 66796}, {"email": "bernardo@gmail.com", "score": 100, "level": 1, "date": 40472}, {"email": "bogarthpena@gmail.com", "score": 100, "level": 1, "date": 32637}, {"email": "bogarthpena@gmail.com", "score": 100, "level": 1, "date": 77002}, {"email": "bogarthpena@gmail.com", "score": 100, "level": 1, "date": 104744}, {"email": "bernardo@gmail.com", "score": 0, "level": 1, "date": 31936}, {"email": "bernardo@gmail.com", "score": 0, "level": 1, "date": 19277}, {"email": "bogarthpena@gmail.com", "score": 0, "level": 1, "date": 40096}]}